id,type,year,level,no,context,target,char,zhuyin,alt_answers,tags,enabled,note
114-S-001,sound,114,國小,1,咎陶殺人,0,咎,ㄍㄠ,,破音字,True,
114-S-002,sound,114,國小,2,金釧玉鐲,1,釧,ㄔㄨㄢˋ,,常用,True,
114-S-003,sound,114,國小,3,參差不齊,0,參,ㄘㄣ,,破音字,True,
114-S-004,sound,114,國小,4,喁喁向慕,0,喁,ㄩˊ,,成語,True,
114-S-005,sound,114,國小,5,嫵媚纖弱,2,纖,ㄒㄧㄢ,,常用,True,
114-S-006,sound,114,國小,6,擲筊祈願,1,筊,ㄐㄧㄠˇ,,民俗,True,
114-S-007,sound,114,國小,7,玩日愒歲,2,愒,ㄎㄞˋ,,成語,True,
114-S-008,sound,114,國小,8,鳧舉兔起,0,鳧,ㄈㄨˊ,,成語,True,
114-S-009,sound,114,國小,9,向隅而泣,1,隅,ㄩˊ,,成語,True,
114-S-010,sound,114,國小,10,譖下謾上,0,譖,ㄗㄣˋ,,成語,True,
114-S-011,sound,114,國小,11,瞿然驚駭,0,瞿,ㄐㄩˋ,,成語,True,
114-S-012,sound,114,國小,12,無庸贅言,2,贅,ㄓㄨㄟˋ,,常用,True,
114-S-013,sound,114,國小,13,家世烜赫,2,烜,ㄒㄩㄢˇ,,成語,True,
114-S-014,sound,114,國小,14,面面相覷,3,覷,ㄑㄩˋ,,成語,True,
114-S-015,sound,114,國小,15,戽斗下巴,0,戽,ㄏㄨˋ,,生活,True,
114-S-016,sound,114,國小,16,相形見絀,3,絀,ㄔㄨˋ,,成語,True,
114-S-017,sound,114,國小,17,驍勇善戰,0,驍,ㄒㄧㄠ,,常用,True,
114-S-018,sound,114,國小,18,胡謅瞎編,1,謅,ㄗㄡ,,生活,True,
114-S-019,sound,114,國小,19,租賃契約,1,賃,ㄌㄧㄣˋ,,生活,True,
114-S-020,sound,114,國小,20,果汁滫水,2,滫,ㄒㄧㄡˇ,,難字,True,
114-S-021,sound,114,國小,21,弦歌不輟,0,弦,ㄒㄧㄢˊ,,成語,True,
114-S-022,sound,114,國小,22,虎兕出柙,1,兕,ㄙˋ,,成語,True,
114-S-023,sound,114,國小,23,長相廝守,2,廝,ㄙ,,常用,True,
114-S-024,sound,114,國小,24,幽默詼諧,2,詼,ㄏㄨㄟ,,常用,True,
114-S-025,sound,114,國小,25,蕞爾小島,0,蕞,ㄗㄨㄟˋ,,成語,True,
114-S-026,sound,114,國小,26,嘲弄奚落,2,奚,ㄒㄧ,,常用,True,
114-S-027,sound,114,國小,27,趺坐誦經,0,趺,ㄈㄨ,,佛教,True,
114-S-028,sound,114,國小,28,南轅北轍,1,轅,ㄩㄢˊ,,成語,True,
114-S-029,sound,114,國小,29,腳踝扭傷,1,踝,ㄏㄨㄞˊ,,生活,True,
114-S-030,sound,114,國小,30,斲方為圓,0,斲,ㄓㄨㄛˊ,,成語,True,
114-S-031,sound,114,國小,31,曠日廢時,0,曠,ㄎㄨㄤˋ,,成語,True,
114-S-032,sound,114,國小,32,熟諳音律,1,諳,ㄢ,,常用,True,
114-S-033,sound,114,國小,33,贈別致賮,3,賮,ㄐㄧㄣˋ,,文言,True,
114-S-034,sound,114,國小,34,庭院犄角,2,犄,ㄐㄧ,,常用,True,
114-S-035,sound,114,國小,35,朱輪華轂,3,轂,ㄍㄨˇ,,成語,True,
114-S-036,sound,114,國小,36,內訌爭權,1,訌,ㄏㄨㄥˋ,,常用,True,
114-S-037,sound,114,國小,37,扁平魟魚,2,魟,ㄏㄨㄥ,,生物,True,
114-S-038,sound,114,國小,38,褫奪公權,0,褫,ㄔˇ,,法律,True,
114-S-039,sound,114,國小,39,鐫刻人心,0,鐫,ㄐㄩㄢ,,成語,True,
114-S-040,sound,114,國小,40,泗水之法,0,泗,ㄙˋ,,成語,True,
114-S-041,sound,114,國小,41,蟬蛻登仙,1,蛻,ㄊㄨㄟˋ,,成語,True,
114-S-042,sound,114,國小,42,藩鎮割據,0,藩,ㄈㄢ,,歷史,True,
114-S-043,sound,114,國小,43,屏息靜觀,0,屏,ㄅㄧㄥˇ,,破音字,True,
114-S-044,sound,114,國小,44,潰圮土堆,1,圮,ㄆㄧˇ,,常用,True,
114-S-045,sound,114,國小,45,搖首咋舌,2,咋,ㄗㄜˊ,,成語,True,
114-S-046,sound,114,國小,46,雨露均霑,3,霑,ㄓㄢ,,成語,True,
114-S-047,sound,114,國小,47,兩鬢皤然,2,皤,ㄆㄛˊ,,成語,True,
114-S-048,sound,114,國小,48,犯人口供,3,供,ㄍㄨㄥ,,破音字,True,
114-S-049,sound,114,國小,49,心狠手辣,1,狠,ㄏㄣˇ,,成語,True,
114-S-050,sound,114,國小,50,歡迎賚臨,2,賚,ㄌㄞˋ,,敬語,True,
114-S-051,sound,114,國小,51,波濤洶湧,1,濤,ㄊㄠ,,常用,True,
114-S-052,sound,114,國小,52,蠻橫無理,1,橫,ㄏㄥˋ,,破音字,True,
114-S-053,sound,114,國小,53,徘徊逡巡,2,逡,ㄑㄩㄣ,,成語,True,
114-S-054,sound,114,國小,54,新生枝椏,3,椏,ㄧㄚ,,植物,True,
114-S-055,sound,114,國小,55,名副其實,1,副,ㄈㄨˋ,,常用,True,
114-S-056,sound,114,國小,56,去穀簸箕,2,簸,ㄅㄛˇ,,器具,True,
114-S-057,sound,114,國小,57,身體抽搐,3,搐,ㄔㄨˋ,,醫學,True,
114-S-058,sound,114,國小,58,倒屣相迎,1,屣,ㄒㄧˇ,,成語,True,
114-S-059,sound,114,國小,59,恫嚇他人,0,恫,ㄉㄨㄥˋ,,法律,True,
114-S-060,sound,114,國小,60,兄弟鬩牆,2,鬩,ㄒㄧˋ,,成語,True,
114-S-061,sound,114,國小,61,鬼影幢幢,2,幢,ㄔㄨㄤˊ,,成語,True,
114-S-062,sound,114,國小,62,需才孔亟,3,亟,ㄐㄧˊ,,成語,True,
114-S-063,sound,114,國小,63,麝香沒藥,2,沒,ㄇㄛˋ,,中藥,True,
114-S-064,sound,114,國小,64,國事迍邅,2,迍,ㄓㄨㄣ,,成語,True,
114-S-065,sound,114,國小,65,撫華捐實,0,撫,ㄈㄨˇ,,成語,True,
114-S-066,sound,114,國小,66,凝睇注視,1,睇,ㄉㄧˋ,,文言,True,
114-S-067,sound,114,國小,67,青睞重視,1,睞,ㄌㄞˋ,,常用,True,
114-S-068,sound,114,國小,68,度長絜大,2,絜,ㄒㄧㄝˊ,,成語,True,
114-S-069,sound,114,國小,69,不辦宮徵,3,徵,ㄓˇ,,音樂,True,
114-S-070,sound,114,國小,70,扞格歧異,0,扞,ㄏㄢˋ,,成語,True,
114-S-071,sound,114,國小,71,諛聞之見,0,諛,ㄩˊ,,成語,True,
114-S-072,sound,114,國小,72,乘槎海上,1,槎,ㄔㄚˊ,,傳說,True,
114-S-073,sound,114,國小,73,絲縧繩帶,1,縧,ㄊㄠ,,器具,True,
114-S-074,sound,114,國小,74,鼓樂喧闐,3,闐,ㄊㄧㄢˊ,,成語,True,
114-S-075,sound,114,國小,75,援弓繳射,2,繳,ㄓㄨㄛˊ,,文言,True,
114-S-076,sound,114,國小,76,不忮不求,1,忮,ㄓˋ,,成語,True,
114-S-077,sound,114,國小,77,遠岫峰巒,1,岫,ㄒㄧㄡˋ,,景物,True,
114-S-078,sound,114,國小,78,衰衰不倦,0,衰,ㄘㄨㄟ,,罕讀,True,
114-S-079,sound,114,國小,79,盤髮綰髻,2,綰,ㄨㄢˇ,,成語,True,
114-S-080,sound,114,國小,80,大雪初霽,3,霽,ㄐㄧˋ,,自然,True,
114-S-081,sound,114,國小,81,鴨踽鵝行,1,踽,ㄐㄩˇ,,成語,True,
114-S-082,sound,114,國小,82,街坊鄰居,1,坊,ㄈㄤ,,生活,True,
114-S-083,sound,114,國小,83,標栝矯正,1,栝,ㄍㄨㄚ,,器具,True,
114-S-084,sound,114,國小,84,睥睨群雄,1,睨,ㄋㄧˋ,,成語,True,
114-S-085,sound,114,國小,85,修葺整治,1,葺,ㄑㄧˋ,,建築,True,
114-S-086,sound,114,國小,86,腓辟之刑,0,腓,ㄈㄟˊ,,刑罰,True,
114-S-087,sound,114,國小,87,頷首嘉許,0,頷,ㄏㄢˋ,,成語,True,
114-S-088,sound,114,國小,88,多言賈禍,2,賈,ㄍㄨˇ,,成語,True,
114-S-089,sound,114,國小,89,勉力鏖戰,2,鏖,ㄠ,,戰爭,True,
114-S-090,sound,114,國小,90,翩然起舞,0,翩,ㄆㄧㄢ,,常用,True,
114-S-091,sound,114,國小,91,妊娠懷胎,1,娠,ㄕㄣ,,生理,True,
114-S-092,sound,114,國小,92,署名畫押,0,署,ㄕㄨˋ,,常用,True,
114-S-093,sound,114,國小,93,去蕪存菁,3,菁,ㄐㄧㄥ,,成語,True,
114-S-094,sound,114,國小,94,酌情辦理,0,酌,ㄓㄨㄛˊ,,公文,True,
114-S-095,sound,114,國小,95,獎懲制度,1,懲,ㄔㄥˊ,,常用,True,
114-S-096,sound,114,國小,96,愴然淚下,0,愴,ㄔㄨㄤˋ,,成語,True,
114-S-097,sound,114,國小,97,鉋平木材,0,鉋,ㄅㄠˋ,,工具,True,
114-S-098,sound,114,國小,98,瓜瓤果肉,1,瓤,ㄖㄤˊ,,植物,True,
114-S-099,sound,114,國小,99,煙波縹緲,2,縹,ㄆㄧㄠˇ,,成語,True,
114-S-100,sound,114,國小,100,僭越權責,0,僭,ㄐㄧㄢˋ,,成語,True,
114-F-001,form,114,國小,1,亙古常存,0,亙,ㄍㄣˋ,,成語,True,
114-F-002,form,114,國小,2,天誅地滅,1,誅,ㄓㄨ,,成語,True,
114-F-003,form,114,國小,3,死生契闊,2,契,ㄑㄧˋ,,名句,True,
114-F-004,form,114,國小,4,山林碧靄,3,靄,ㄞˇ,,風景,True,
114-F-005,form,114,國小,5,一絲不苟,3,苟,ㄍㄡˇ,,成語,True,
114-F-006,form,114,國小,6,呻吟噢咻,3,咻,ㄒㄧㄡ,,狀聲,True,
114-F-007,form,114,國小,7,岐黃之術,0,岐,ㄑㄧˊ,,醫學,True,
114-F-008,form,114,國小,8,娉婷窈窕,0,娉,ㄆㄧㄥ,,成語,True,
114-F-009,form,114,國小,9,立晷測影,1,晷,ㄍㄨㄟˇ,,科技,True,
114-F-010,form,114,國小,10,恍然大悟,0,恍,ㄏㄨㄤˇ,,成語,True,
114-F-011,form,114,國小,11,怦然心動,0,怦,ㄆㄥ,,情緒,True,
114-F-012,form,114,國小,12,紈褲子弟,0,紈,ㄨㄢˊ,,成語,True,
114-F-013,form,114,國小,13,綽綽有餘,0,綽,ㄔㄨㄛˋ,,成語,True,
114-F-014,form,114,國小,14,支撐樁柱,2,樁,ㄓㄨㄤ,,建築,True,
114-F-015,form,114,國小,15,嘎嘎作響,0,嘎,ㄍㄚ,,狀聲,True,
114-F-016,form,114,國小,16,一泓湖水,1,泓,ㄏㄨㄥˊ,,量詞,True,
114-F-017,form,114,國小,17,針砭時政,1,砭,ㄅㄧㄢ,,成語,True,
114-F-018,form,114,國小,18,縝密布局,0,縝,ㄓㄣˇ,,成語,True,
114-F-019,form,114,國小,19,蕩然無存,0,蕩,ㄉㄤˋ,,成語,True,
114-F-020,form,114,國小,20,風流倜儻,2,倜,ㄊㄧˋ,,成語,True,
114-F-021,form,114,國小,21,渾然天成,0,渾,ㄏㄨㄣˊ,,成語,True,
114-F-022,form,114,國小,22,舀水洗臉,0,舀,ㄧㄠˇ,,動作,True,
114-F-023,form,114,國小,23,訾議詆毀,0,訾,ㄗˇ,,成語,True,
114-F-024,form,114,國小,24,嗤之以鼻,0,嗤,ㄔ,,成語,True,
114-F-025,form,114,國小,25,吉光片羽,3,羽,ㄩˇ,,成語,True,
114-F-026,form,114,國小,26,虹吸現象,0,虹,ㄏㄨㄥˊ,,物理,True,
114-F-027,form,114,國小,27,沾沾自喜,0,沾,ㄓㄢ,,成語,True,
114-F-028,form,114,國小,28,搖旗吶喊,2,吶,ㄋㄚˋ,,成語,True,
114-F-029,form,114,國小,29,餔糟啜醨,0,餔,ㄅㄨ,,成語,True,
114-F-030,form,114,國小,30,夜闌人靜,1,闌,ㄌㄢˊ,,成語,True,
114-F-031,form,114,國小,31,騰雲駕霧,0,騰,ㄊㄥˊ,,成語,True,
114-F-032,form,114,國小,32,待遇優渥,3,渥,ㄨㄛˋ,,社會,True,
114-F-033,form,114,國小,33,地痞流氓,1,痞,ㄆㄧˇ,,社會,True,
114-F-034,form,114,國小,34,循規蹈矩,3,矩,ㄐㄩˇ,,成語,True,
114-F-035,form,114,國小,35,鰥寡孤獨,1,寡,ㄍㄨㄚˇ,,成語,True,
114-F-036,form,114,國小,36,大肆抨擊,2,抨,ㄆㄥ,,常用,True,
114-F-037,form,114,國小,37,喑啞不言,0,喑,ㄧㄣ,,成語,True,
114-F-038,form,114,國小,38,見風轉舵,3,舵,ㄉㄨㄛˋ,,成語,True,
114-F-039,form,114,國小,39,鬢髮斑白,2,斑,ㄅㄢ,,容貌,True,
114-F-040,form,114,國小,40,馥郁薰香,1,郁,ㄩˋ,,芳香,True,
114-F-041,form,114,國小,41,冥頑不靈,0,冥,ㄇㄧㄥˊ,,成語,True,
114-F-042,form,114,國小,42,良窳興廢,1,窳,ㄩˇ,,成語,True,
114-F-043,form,114,國小,43,蔚為奇觀,0,蔚,ㄨㄟˋ,,成語,True,
114-F-044,form,114,國小,44,韜光養晦,0,韜,ㄊㄠ,,成語,True,
114-F-045,form,114,國小,45,命運乖舛,3,舛,ㄔㄨㄢˇ,,成語,True,
114-F-046,form,114,國小,46,陟罰臧否,0,陟,ㄓˋ,,名篇,True,
114-F-047,form,114,國小,47,耳鬢廝磨,2,廝,ㄙ,,成語,True,
114-F-048,form,114,國小,48,一瀉千里,1,瀉,ㄒㄧㄝˋ,,成語,True,
114-F-049,form,114,國小,49,鑿壁偷光,0,鑿,ㄗㄠˊ,,典故,True,
114-F-050,form,114,國小,50,闔第光臨,1,第,ㄉㄧˋ,,敬語,True,
114-F-051,form,114,國小,51,筆力遒勁,2,遒,ㄑㄧㄡˊ,,書法,True,
114-F-052,form,114,國小,52,頃刻之間,0,頃,ㄑㄧㄥˇ,,成語,True,
114-F-053,form,114,國小,53,請求謁見,2,謁,ㄧㄝˋ,,社交,True,
114-F-054,form,114,國小,54,眷棧職位,1,棧,ㄓㄢˋ,,人事,True,
114-F-055,form,114,國小,55,堅苦卓絕,2,卓,ㄓㄨㄛˊ,,成語,True,
114-F-056,form,114,國小,56,土地廣袤,3,袤,ㄇㄠˋ,,地理,True,
114-F-057,form,114,國小,57,椎心泣血,0,椎,ㄔㄨㄟ,,成語,True,
114-F-058,form,114,國小,58,豺狼當道,0,豺,ㄔㄞˊ,,成語,True,
114-F-059,form,114,國小,59,出其不意,1,其,ㄑㄧˊ,,成語,True,
114-F-060,form,114,國小,60,悲痛噩耗,3,耗,ㄏㄠˋ,,常用,True,
114-F-061,form,114,國小,61,鍾靈毓秀,2,毓,ㄩˋ,,成語,True,
114-F-062,form,114,國小,62,鶼鰈情深,0,鶼,ㄐㄧㄢ,,成語,True,
114-F-063,form,114,國小,63,童山濯濯,2,濯,ㄓㄨㄛˊ,,成語,True,
114-F-064,form,114,國小,64,面有慍色,2,慍,ㄩㄣˋ,,成語,True,
114-F-065,form,114,國小,65,除污去漬,3,漬,ㄗˋ,,生活,True,
114-F-066,form,114,國小,66,外匯存底,1,匯,ㄏㄨㄟˋ,,財經,True,
114-F-067,form,114,國小,67,促膝長談,0,促,ㄘㄨˋ,,成語,True,
114-F-068,form,114,國小,68,上天眷佑,2,眷,ㄐㄩㄢˋ,,常用,True,
114-F-069,form,114,國小,69,老馬識途,3,途,ㄊㄨˊ,,成語,True,
114-F-070,form,114,國小,70,甄選人才,0,甄,ㄓㄣ,,社會,True,
114-F-071,form,114,國小,71,入神凝眄,3,眄,ㄇㄧㄢˇ,,文言,True,
114-F-072,form,114,國小,72,運籌帷幄,1,籌,ㄔㄡˊ,,成語,True,
114-F-073,form,114,國小,73,作物歉收,2,歉,ㄑㄧㄢ,,農業,True,
114-F-074,form,114,國小,74,弔民伐罪,0,弔,ㄉㄧㄠˋ,,成語,True,
114-F-075,form,114,國小,75,菽水承歡,0,菽,ㄕㄨˊ,,成語,True,
114-F-076,form,114,國小,76,加官進爵,3,爵,ㄐㄩㄝˊ,,成語,True,
114-F-077,form,114,國小,77,人情世故,2,世,ㄕˋ,,成語,True,
114-F-078,form,114,國小,78,杯盤狼藉,3,藉,ㄐㄧˊ,,成語,True,
114-F-079,form,114,國小,79,十惡不赦,3,赦,ㄕㄜˋ,,成語,True,
114-F-080,form,114,國小,80,踽踽獨行,0,踽,ㄐㄩˇ,,成語,True,
114-F-081,form,114,國小,81,掄刀揮拳,0,掄,ㄌㄨㄣ,,動作,True,
114-F-082,form,114,國小,82,秋水伊人,2,伊,ㄧ,,名句,True,
114-F-083,form,114,國小,83,蝸角蠅頭,0,蝸,ㄍㄨㄚ,,成語,True,
114-F-084,form,114,國小,84,紛至沓來,2,沓,ㄊㄚˋ,,成語,True,
114-F-085,form,114,國小,85,懷璧其罪,1,璧,ㄅㄧˋ,,成語,True,
114-F-086,form,114,國小,86,甚囂塵上,1,囂,ㄒㄧㄠ,,成語,True,
114-F-087,form,114,國小,87,討論商榷,3,榷,ㄑㄩㄝˋ,,常用,True,
114-F-088,form,114,國小,88,犀牛望月,0,犀,ㄒㄧ,,典故,True,
114-F-089,form,114,國小,89,佛門偈語,2,偈,ㄐㄧˋ,,宗教,True,
114-F-090,form,114,國小,90,諱莫如深,0,諱,ㄏㄨㄟˋ,,成語,True,
114-F-091,form,114,國小,91,黔驢技窮,0,黔,ㄑㄧㄢˊ,,成語,True,
114-F-092,form,114,國小,92,另闢蹊徑,2,蹊,ㄒㄧ,,成語,True,
114-F-093,form,114,國小,93,推心置腹,2,置,ㄓˋ,,成語,True,
114-F-094,form,114,國小,94,匝道管制,0,匝,ㄗㄚ,,交通,True,
114-F-095,form,114,國小,95,一臉詫異,2,詫,ㄔㄚˋ,,常用,True,
114-F-096,form,114,國小,96,案牘勞形,1,牘,ㄉㄨˊ,,成語,True,
114-F-097,form,114,國小,97,不卑不亢,3,亢,ㄎㄤˋ,,成語,True,
114-F-098,form,114,國小,98,心浮氣躁,3,躁,ㄗㄠˋ,,成語,True,
114-F-099,form,114,國小,99,欲蓋彌彰,1,蓋,ㄍㄞˋ,,成語,True,
114-F-100,form,114,國小,100,病入膏肓,3,肓,ㄏㄨㄤ,,成語,True,
113-S-001,sound,113,國小,1,攫食捕獵,0,攫,ㄐㄩㄝˊ,,動物,True,
113-S-002,sound,113,國小,2,薔薇芬芳,1,薇,ㄨㄟˊ,,植物,True,
113-S-003,sound,113,國小,3,嵌入其中,0,嵌,ㄑㄧㄢ,,常用,True,
113-S-004,sound,113,國小,4,噩夢連連,0,噩,ㄜˋ,,常用,True,
113-S-005,sound,113,國小,5,何啻如此,1,啻,ㄔˋ,,成語,True,
113-S-006,sound,113,國小,6,寒傖落魄,1,傖,ㄘㄤ,,生活,True,
113-S-007,sound,113,國小,7,馴養野獸,0,馴,ㄒㄩㄣˊ,,動物,True,
113-S-008,sound,113,國小,8,綰髮結縭,0,綰,ㄨㄢˇ,,習俗,True,
113-S-009,sound,113,國小,9,嵯峨山勢,0,嵯,ㄘㄨㄛˊ,,風景,True,
113-S-010,sound,113,國小,10,荏弱無力,0,荏,ㄖㄣˇ,,成語,True,
113-S-011,sound,113,國小,11,揩汗擦臉,0,揩,ㄎㄞ,,動作,True,
113-S-012,sound,113,國小,12,鐫刻銘文,0,鐫,ㄐㄩㄢ,,藝術,True,
113-S-013,sound,113,國小,13,便佞小人,1,佞,ㄋㄧㄥˋ,,成語,True,
113-S-014,sound,113,國小,14,翌年春季,0,翌,ㄧˋ,,時間,True,
113-S-015,sound,113,國小,15,囁嚅而言,0,囁,ㄋㄧㄝˋ,,動作,True,
113-S-016,sound,113,國小,16,遞嬗演變,1,嬗,ㄕㄢˋ,,科學,True,
113-S-017,sound,113,國小,17,甩餅美食,0,甩,ㄕㄨㄞˇ,,生活,True,
113-S-018,sound,113,國小,18,憤懣難平,1,懣,ㄇㄣˋ,,情緒,True,
113-S-019,sound,113,國小,19,翕然從風,0,翕,ㄒㄧˋ,,成語,True,
113-S-020,sound,113,國小,20,傾圮坍塌,1,圮,ㄆㄧˇ,,建築,True,
113-S-021,sound,113,國小,21,掣眷同行,0,掣,ㄔㄜˋ,,公文,True,
113-S-022,sound,113,國小,22,質押借款,0,質,ㄓˋ,,金融,True,
113-S-023,sound,113,國小,23,赭紅色彩,0,赭,ㄓㄜˇ,,色彩,True,
113-S-024,sound,113,國小,24,咋舌稱奇,0,咋,ㄗㄜˊ,,成語,True,
113-S-025,sound,113,國小,25,熟稔業務,1,稔,ㄖㄣˇ,,常用,True,
113-S-026,sound,113,國小,26,曙色微明,0,曙,ㄕㄨˋ,,自然,True,
113-S-027,sound,113,國小,27,俚曲村歌,0,俚,ㄌㄧˇ,,文化,True,
113-S-028,sound,113,國小,28,砭石療法,0,砭,ㄅㄧㄢ,,醫學,True,
113-S-029,sound,113,國小,29,稽首敬禮,0,稽,ㄑㄧˇ,,禮節,True,
113-S-030,sound,113,國小,30,謹飭自持,1,飭,ㄔˋ,,品德,True,
113-S-031,sound,113,國小,31,沒轍應對,1,轍,ㄓㄜˊ,,俗語,True,
113-S-032,sound,113,國小,32,鏤空雕花,0,鏤,ㄌㄡˋ,,工藝,True,
113-S-033,sound,113,國小,33,感召青年,1,召,ㄓㄠˋ,,常用,True,
113-S-034,sound,113,國小,34,梔子花開,0,梔,ㄓ,,植物,True,
113-S-035,sound,113,國小,35,傀儡戲偶,1,儡,ㄌㄟˇ,,藝術,True,
113-S-036,sound,113,國小,36,菜脯餅香,1,脯,ㄆㄛˊ,,食品,True,
113-S-037,sound,113,國小,37,潛伏暗處,0,潛,ㄑㄧㄢˊ,,常用,True,
113-S-038,sound,113,國小,38,榻榻米床,0,榻,ㄊㄚˋ,,居家,True,
113-S-039,sound,113,國小,39,浣花溪畔,0,浣,ㄏㄨㄢˇ,,地理,True,
113-S-040,sound,113,國小,40,瞠目結舌,0,瞠,ㄔㄥ,,成語,True,
113-S-041,sound,113,國小,41,和盤托出,0,和,ㄏㄜˊ,,成語,True,
113-S-042,sound,113,國小,42,外弛內張,1,弛,ㄔˊ,,成語,True,
113-S-043,sound,113,國小,43,迂迴曲折,0,迂,ㄩ,,成語,True,
113-S-044,sound,113,國小,44,咎由自取,0,咎,ㄐㄧㄡˋ,,成語,True,
113-S-045,sound,113,國小,45,怦然心動,0,怦,ㄆㄥ,,情緒,True,
113-S-046,sound,113,國小,46,恃強凌弱,0,恃,ㄕˋ,,成語,True,
113-S-047,sound,113,國小,47,孤臣孽子,2,孽,ㄋㄧㄝˋ,,名篇,True,
113-S-048,sound,113,國小,48,屹立不搖,0,屹,ㄧˋ,,成語,True,
113-S-049,sound,113,國小,49,如法炮製,2,炮,ㄆㄠˊ,,成語,True,
113-S-050,sound,113,國小,50,娓娓道來,0,娓,ㄨㄟˇ,,成語,True,
113-S-051,sound,113,國小,51,無遠弗屆,3,屆,ㄐㄧㄝˋ,,成語,True,
113-S-052,sound,113,國小,52,一脈相傳,1,脈,ㄇㄛˋ,,成語,True,
113-S-053,sound,113,國小,53,飽啖一頓,1,啖,ㄉㄢˋ,,生活,True,
113-S-054,sound,113,國小,54,孜孜矻矻,2,矻,ㄎㄨ,,成語,True,
113-S-055,sound,113,國小,55,整宿未眠,1,宿,ㄒㄧㄡˇ,,破音字,True,
113-S-056,sound,113,國小,56,溯溪活動,0,溯,ㄙㄨˋ,,運動,True,
113-S-057,sound,113,國小,57,勸善黜惡,2,黜,ㄔㄨˋ,,成語,True,
113-S-058,sound,113,國小,58,爭功諉過,2,諉,ㄨㄟˇ,,成語,True,
113-S-059,sound,113,國小,59,從中斡旋,2,斡,ㄨㄛˋ,,政治,True,
113-S-060,sound,113,國小,60,慘絕人寰,3,寰,ㄏㄨㄢˊ,,成語,True,
113-S-061,sound,113,國小,61,齜牙咧嘴,0,齜,ㄗ,,成語,True,
113-S-062,sound,113,國小,62,獎掖後進,1,掖,ㄧㄝˋ,,成語,True,
113-S-063,sound,113,國小,63,擇肥而噬,3,噬,ㄕˋ,,成語,True,
113-S-064,sound,113,國小,64,呼天搶地,2,搶,ㄑㄧㄤ,,成語,True,
113-S-065,sound,113,國小,65,河清難俟,3,俟,ㄙˋ,,成語,True,
113-S-066,sound,113,國小,66,提不起勁,3,勁,ㄐㄧㄣˋ,,生活,True,
113-S-067,sound,113,國小,67,叱嗟風雲,0,叱,ㄔˋ,,成語,True,
113-S-068,sound,113,國小,68,作品散佚,3,佚,ㄧˋ,,文學,True,
113-S-069,sound,113,國小,69,微創手術,1,創,ㄔㄨㄤ,,醫學,True,
113-S-070,sound,113,國小,70,屬意人選,0,屬,ㄓㄨˇ,,成語,True,
113-S-071,sound,113,國小,71,熠熠紅星,0,熠,ㄧˋ,,成語,True,
113-S-072,sound,113,國小,72,雙方交惡,3,惡,ㄜˋ,,常用,True,
113-S-073,sound,113,國小,73,一蹴可幾,1,蹴,ㄐㄧ,,成語,True,
113-S-074,sound,113,國小,74,蟄居田野,0,蟄,ㄓㄜˊ,,成語,True,
113-S-075,sound,113,國小,75,大聲嚷嚷,2,嚷,ㄖㄤ,,生活,True,
113-S-076,sound,113,國小,76,嘩眾取寵,0,嘩,ㄏㄨㄚ,,成語,True,
113-S-077,sound,113,國小,77,沏茶伺候,0,沏,ㄑㄧ,,動作,True,
113-S-078,sound,113,國小,78,傾箱倒篋,3,篋,ㄑㄧㄝˋ,,成語,True,
113-S-079,sound,113,國小,79,舞蹈教室,1,蹈,ㄉㄠˇ,,文體,True,
113-S-080,sound,113,國小,80,言不逮意,2,逮,ㄉㄞˋ,,成語,True,
113-S-081,sound,113,國小,81,不能自已,3,已,ㄧˇ,,成語,True,
113-S-082,sound,113,國小,82,斫木為琴,0,斫,ㄓㄨㄛˊ,,工藝,True,
113-S-083,sound,113,國小,83,其流遄疾,2,遄,ㄔㄨㄢˊ,,地理,True,
113-S-084,sound,113,國小,84,慘澹經營,1,澹,ㄉㄢˋ,,成語,True,
113-S-085,sound,113,國小,85,流觴曲水,1,觴,ㄕㄤ,,典故,True,
113-S-086,sound,113,國小,86,以指蘸水,2,蘸,ㄓㄢˋ,,動作,True,
113-S-087,sound,113,國小,87,傍花隨柳,0,傍,ㄅㄤˋ,,成語,True,
113-S-088,sound,113,國小,88,桑榆晚景,1,榆,ㄩˊ,,成語,True,
113-S-089,sound,113,國小,89,讀書參禪,2,參,ㄔㄢˊ,,宗教,True,
113-S-090,sound,113,國小,90,苦心孤詣,3,詣,ㄧˋ,,成語,True,
113-S-091,sound,113,國小,91,懾於飢寒,0,懾,ㄓㄜˊ,,常用,True,
113-S-092,sound,113,國小,92,遽然而逝,0,遽,ㄐㄩˋ,,成語,True,
113-S-093,sound,113,國小,93,菽水承歡,0,菽,ㄕㄨˊ,,成語,True,
113-S-094,sound,113,國小,94,情緒勒索,2,勒,ㄌㄜˋ,,社會,True,
113-S-095,sound,113,國小,95,負隅頑抗,1,隅,ㄩˊ,,成語,True,
113-S-096,sound,113,國小,96,一晌貪歡,1,晌,ㄕㄤˇ,,詩詞,True,
113-S-097,sound,113,國小,97,祛痰潤肺,0,祛,ㄑㄩ,,醫學,True,
113-S-098,sound,113,國小,98,動心怵目,2,怵,ㄔㄨˋ,,成語,True,
113-S-099,sound,113,國小,99,同聲撻伐,2,撻,ㄊㄚˋ,,成語,True,
113-S-100,sound,113,國小,100,躉售市場,0,躉,ㄉㄨㄣˇ,,商務,True,
113-F-001,form,113,國小,1,輪廓清晰,1,廓,ㄎㄨㄛˋ,,成語,True,
113-F-002,form,113,國小,2,凍餒之苦,1,餒,ㄋㄟˇ,,成語,True,
113-F-003,form,113,國小,3,白雲空際,3,際,ㄐㄧˋ,,名篇,True,
113-F-004,form,113,國小,4,溽暑炎涼,0,溽,ㄖㄨˋ,,自然,True,
113-F-005,form,113,國小,5,閉門毆鬥,2,毆,ㄡ,,法律,True,
113-F-006,form,113,國小,6,震撼彈跳,1,撼,ㄏㄢˋ,,軍事,True,
113-F-007,form,113,國小,7,蜂螫人痛,1,螫,ㄕˋ,,生物,True,
113-F-008,form,113,國小,8,大雜燴湯,2,燴,ㄏㄨㄟˋ,,飲食,True,
113-F-009,form,113,國小,9,畸零地帶,0,畸,ㄐㄧ,,土地,True,
113-F-010,form,113,國小,10,靛藍色染,0,靛,ㄉㄧㄢˋ,,色彩,True,
113-F-011,form,113,國小,11,薄利多銷,3,銷,ㄒㄧㄠ,,商業,True,
113-F-012,form,113,國小,12,銘感五內,0,銘,ㄇㄧㄥˊ,,成語,True,
113-F-013,form,113,國小,13,亦步亦趨,3,趨,ㄑㄩ,,成語,True,
113-F-014,form,113,國小,14,良莠不齊,1,莠,ㄧㄡˇ,,成語,True,
113-F-015,form,113,國小,15,循規蹈矩,2,蹈,ㄉㄠˇ,,成語,True,
113-F-016,form,113,國小,16,毀譽參半,1,譽,ㄩˋ,,成語,True,
113-F-017,form,113,國小,17,披荊斬棘,3,棘,ㄐㄧˊ,,成語,True,
113-F-018,form,113,國小,18,童心未泯,3,泯,ㄇㄧㄣˇ,,成語,True,
113-F-019,form,113,國小,19,生死攸關,2,攸,ㄧㄡ,,成語,True,
113-F-020,form,113,國小,20,高潮迭起,2,迭,ㄉㄧㄝˊ,,成語,True,
113-F-021,form,113,國小,21,渾然忘我,0,渾,ㄏㄨㄣˊ,,成語,True,
113-F-022,form,113,國小,22,休戚相關,1,戚,ㄑㄧ,,成語,True,
113-F-023,form,113,國小,23,無可諱言,2,諱,ㄏㄨㄟˋ,,成語,True,
113-F-024,form,113,國小,24,泫然欲泣,0,泫,ㄒㄩㄢˋ,,成語,True,
113-F-025,form,113,國小,25,撥冗參加,1,冗,ㄖㄨㄥˇ,,禮貌,True,
113-F-026,form,113,國小,26,一窺堂奧,3,奧,ㄠˋ,,成語,True,
113-F-027,form,113,國小,27,不落俗套,3,套,ㄊㄠˋ,,成語,True,
113-F-028,form,113,國小,28,歲月如梭,3,梭,ㄙㄨㄛ,,成語,True,
113-F-029,form,113,國小,29,平添樂趣,0,平,ㄆㄧㄥˊ,,常用,True,
113-F-030,form,113,國小,30,天氣和煦,3,煦,ㄒㄩˇ,,自然,True,
113-F-031,form,113,國小,31,化整為零,3,零,ㄌㄧㄥˊ,,成語,True,
113-F-032,form,113,國小,32,忍俊不禁,1,俊,ㄐㄩㄣˋ,,成語,True,
113-F-033,form,113,國小,33,落日條款,3,款,ㄎㄨㄢˇ,,法律,True,
113-F-034,form,113,國小,34,履險如夷,3,夷,ㄧˊ,,成語,True,
113-F-035,form,113,國小,35,半身不遂,3,遂,ㄙㄨㄟˋ,,醫學,True,
113-F-036,form,113,國小,36,含辛茹苦,2,茹,ㄖㄨˊ,,成語,True,
113-F-037,form,113,國小,37,恣意妄為,0,恣,ㄗˋ,,成語,True,
113-F-038,form,113,國小,38,不可或缺,2,或,ㄏㄨㄛˋ,,成語,True,
113-F-039,form,113,國小,39,悸動不已,0,悸,ㄐㄧˋ,,心理,True,
113-F-040,form,113,國小,40,綱舉目張,0,綱,ㄍㄤ,,成語,True,
113-F-041,form,113,國小,41,口齒清晰,3,晰,ㄒㄧ,,常用,True,
113-F-042,form,113,國小,42,貽笑大方,0,貽,ㄧˊ,,成語,True,
113-F-043,form,113,國小,43,遊刃有餘,1,刃,ㄖㄣˋ,,成語,True,
113-F-044,form,113,國小,44,完璧歸趙,1,璧,ㄅㄧˋ,,成語,True,
113-F-045,form,113,國小,45,一幢房屋,1,幢,ㄔㄨㄤˊ,,量詞,True,
113-F-046,form,113,國小,46,口沫橫飛,1,沫,ㄇㄛˋ,,成語,True,
113-F-047,form,113,國小,47,心懷叵測,2,叵,ㄆㄛˇ,,成語,True,
113-F-048,form,113,國小,48,沉魚落雁,3,雁,ㄧㄢˋ,,成語,True,
113-F-049,form,113,國小,49,生命韌性,2,韌,ㄖㄣˋ,,科學,True,
113-F-050,form,113,國小,50,怒不可遏,3,遏,ㄜˋ,,成語,True,
113-F-051,form,113,國小,51,輕諾寡信,1,諾,ㄋㄨㄛˋ,,成語,True,
113-F-052,form,113,國小,52,寫作不輟,3,輟,ㄔㄨㄛˋ,,常用,True,
113-F-053,form,113,國小,53,天似穹廬,2,穹,ㄑㄩㄥ,,詩詞,True,
113-F-054,form,113,國小,54,消聲匿跡,2,匿,ㄋㄧˋ,,成語,True,
113-F-055,form,113,國小,55,地位顯赫,3,赫,ㄏㄜˋ,,成語,True,
113-F-056,form,113,國小,56,哀鴻遍野,1,鴻,ㄏㄨㄥˊ,,成語,True,
113-F-057,form,113,國小,57,風光旖旎,2,旖,ㄧˇ,,風景,True,
113-F-058,form,113,國小,58,冥頑不靈,1,頑,ㄨㄢˊ,,成語,True,
113-F-059,form,113,國小,59,冠冕堂皇,1,冕,ㄇㄧㄢˇ,,成語,True,
113-F-060,form,113,國小,60,星火燎原,2,燎,ㄌㄧㄠˊ,,成語,True,
113-F-061,form,113,國小,61,耐人尋味,0,耐,ㄋㄞˋ,,成語,True,
113-F-062,form,113,國小,62,敝帚千金,0,敝,ㄅㄧˋ,,成語,True,
113-F-063,form,113,國小,63,反脣相譏,1,脣,ㄔㄨㄣˊ,,成語,True,
113-F-064,form,113,國小,64,不虛此行,1,虛,ㄒㄩ,,成語,True,
113-F-065,form,113,國小,65,目不暇給,2,暇,ㄒㄧㄚˊ,,成語,True,
113-F-066,form,113,國小,66,洗耳恭聽,2,恭,ㄍㄨㄥ,,成語,True,
113-F-067,form,113,國小,67,倒掛金鉤,1,掛,ㄍㄨㄚˋ,,運動,True,
113-F-068,form,113,國小,68,一貧如洗,1,貧,ㄆㄧㄣˊ,,成語,True,
113-F-069,form,113,國小,69,首屈一指,0,首,ㄕㄡˇ,,成語,True,
113-F-070,form,113,國小,70,觀照內蘊,3,蘊,ㄩㄣˋ,,文藝,True,
113-F-071,form,113,國小,71,英明睿智,2,睿,ㄖㄨㄟˋ,,品德,True,
113-F-072,form,113,國小,72,花團錦簇,3,簇,ㄘㄨˋ,,成語,True,
113-F-073,form,113,國小,73,抑鬱難平,0,抑,ㄧˋ,,情緒,True,
113-F-074,form,113,國小,74,捷足先登,0,捷,ㄐㄧㄝˊ,,成語,True,
113-F-075,form,113,國小,75,禍國殃民,2,殃,ㄧㄤ,,成語,True,
113-F-076,form,113,國小,76,舐犢情深,0,舐,ㄕˋ,,成語,True,
113-F-077,form,113,國小,77,不吝指教,1,吝,ㄌㄧㄣˋ,,禮貌,True,
113-F-078,form,113,國小,78,刷牙漱口,2,漱,ㄕㄨˋ,,衛生,True,
113-F-079,form,113,國小,79,此情不渝,3,渝,ㄩˊ,,情感,True,
113-F-080,form,113,國小,80,深思熟慮,3,慮,ㄌㄩˋ,,成語,True,
113-F-081,form,113,國小,81,貯藏財帛,0,貯,ㄓㄨˇ,,生活,True,
113-F-082,form,113,國小,82,目光如炬,3,炬,ㄐㄩˋ,,成語,True,
113-F-083,form,113,國小,83,妙趣橫生,2,橫,ㄏㄥˊ,,成語,True,
113-F-084,form,113,國小,84,搪塞卸責,0,搪,ㄊㄤˊ,,社會,True,
113-F-085,form,113,國小,85,因陋就簡,1,陋,ㄌㄡˋ,,成語,True,
113-F-086,form,113,國小,86,生氣蓬勃,3,勃,ㄅㄛˊ,,成語,True,
113-F-087,form,113,國小,87,胸襟器識,2,器,ㄑㄧˋ,,成語,True,
113-F-088,form,113,國小,88,古意盎然,2,盎,ㄤˋ,,成語,True,
113-F-089,form,113,國小,89,瞠乎其後,0,瞠,ㄔㄥ,,成語,True,
113-F-090,form,113,國小,90,蔚為奇觀,0,蔚,ㄨㄟˋ,,成語,True,
113-F-091,form,113,國小,91,無妄之災,1,妄,ㄨㄤˋ,,成語,True,
113-F-092,form,113,國小,92,道貌岸然,2,岸,ㄢˋ,,成語,True,
113-F-093,form,113,國小,93,宦海浮沉,0,宦,ㄏㄨㄢˋ,,成語,True,
113-F-094,form,113,國小,94,撲朔迷離,1,朔,ㄕㄨㄛˋ,,成語,True,
113-F-095,form,113,國小,95,如釋重負,3,負,ㄈㄨˋ,,成語,True,
113-F-096,form,113,國小,96,莫衷一是,1,衷,ㄓㄨㄥ,,成語,True,
113-F-097,form,113,國小,97,硝煙四起,0,硝,ㄒㄧㄠ,,軍事,True,
113-F-098,form,113,國小,98,寅吃卯糧,2,卯,ㄇㄠˇ,,成語,True,
113-F-099,form,113,國小,99,價格不菲,3,菲,ㄈㄟˇ,,商業,True,
113-F-100,form,113,國小,100,截然不同,0,截,ㄐㄧㄝˊ,,成語,True,
